video_id,sky_direction
scene_00090_00,Left
scene_00091_00,Left
scene_00091_01,Left
scene_00092_00,Left
scene_00092_01,Left
scene_00092_02,Left
scene_00093_00,Left
scene_00093_01,Left
scene_00094_00,Left
scene_00094_01,Left
scene_00094_02,Left
scene_00095_00,Left
scene_00095_01,Left
scene_00095_02,Left
scene_00096_00,Left
scene_00096_01,Left
scene_00097_00,Left
scene_00097_01,Left
scene_00097_02,Left
scene_00098_00,Left
scene_00098_01,Left
scene_00098_02,Left
scene_00099_00,Left
scene_00099_01,Left
scene_00100_00,Left
scene_00100_01,Left
scene_00100_02,Left